AAL,https://upload.wikimedia.org/wikipedia/en/2/23/American_Airlines_logo_2013.svg
AAPL,https://upload.wikimedia.org/wikipedia/commons/f/fa/Apple_logo_black.svg
ADBE,https://upload.wikimedia.org/wikipedia/commons/7/7b/Adobe_Systems_logo_and_wordmark.svg
ADI,https://upload.wikimedia.org/wikipedia/commons/8/86/Analog_Devices_Logo.svg
ADP,https://upload.wikimedia.org/wikipedia/en/c/cf/Automatic_Data_Processing_%28logo%29.svg
ADSK,https://upload.wikimedia.org/wikipedia/commons/b/b5/Autodesk_Logo.svg
AKAM,https://upload.wikimedia.org/wikipedia/commons/8/8b/Akamai_logo.svg
ALXN,https://upload.wikimedia.org/wikipedia/en/9/9e/Alexion_Pharmaceuticals_logo.svg
AMAT,https://upload.wikimedia.org/wikipedia/en/7/7e/Applied_Materials_Inc._Logo.svg
AMGN,https://upload.wikimedia.org/wikipedia/commons/a/ab/Amgen.svg
AMZN,https://upload.wikimedia.org/wikipedia/commons/7/70/Amazon_logo_plain.svg
ATVI,https://upload.wikimedia.org/wikipedia/commons/6/6e/Activision_Blizzard_logo.svg
AVGO,https://upload.wikimedia.org/wikipedia/en/8/8f/Low_Resolution_bitmap_of_a_company_for_fair_use.png
BIDU,https://upload.wikimedia.org/wikipedia/en/f/f4/Baidu.svg
BIIB,https://upload.wikimedia.org/wikipedia/en/b/bc/Biogen.svg
BMRN,https://upload.wikimedia.org/wikipedia/en/f/f8/Biomarin-logo.png
CA,https://upload.wikimedia.org/wikipedia/commons/0/08/CA_Technologies_logo.svg
CELG,https://upload.wikimedia.org/wikipedia/en/b/ba/Celgene-logo.png
CERN,https://upload.wikimedia.org/wikipedia/en/3/3f/2011.Cerner.logo.png
CHKP,https://upload.wikimedia.org/wikipedia/en/6/67/Check_point_logo.png
CHTR,https://upload.wikimedia.org/wikipedia/en/c/c8/Charter_Communications_logo.svg
CMCSA,https://upload.wikimedia.org/wikipedia/commons/a/a3/Comcast_Logo.svg
COST,https://upload.wikimedia.org/wikipedia/commons/0/0e/Costco_Wholesale.svg
CSCO,https://upload.wikimedia.org/wikipedia/commons/6/64/Cisco_logo.svg
CSX,https://upload.wikimedia.org/wikipedia/commons/f/fe/CSX_transp_logo.svg
CTAS,https://upload.wikimedia.org/wikipedia/commons/8/8e/Cintas_logo.svg
CTRP,https://upload.wikimedia.org/wikipedia/commons/c/c8/Ctrip-logo-h-default-lg.png
CTSH,https://upload.wikimedia.org/wikipedia/en/d/dc/Cognizant_LOGO.png
CTXS,https://upload.wikimedia.org/wikipedia/commons/2/2e/Citrix.svg
DISCA,https://upload.wikimedia.org/wikipedia/en/c/c7/Discovery_Communications.svg
DISH,https://upload.wikimedia.org/wikipedia/commons/1/1e/Dish_Network_logo_2012.svg
DLTR,https://upload.wikimedia.org/wikipedia/en/d/d8/Dollar_Tree_logo.png
EA,https://upload.wikimedia.org/wikipedia/commons/0/0d/Electronic-Arts-Logo.svg
EBAY,https://upload.wikimedia.org/wikipedia/commons/1/1b/EBay_logo.svg
ESRX,https://upload.wikimedia.org/wikipedia/en/a/a4/Express_Scripts_logo.svg
EXPE,https://upload.wikimedia.org/wikipedia/en/4/42/Expedia_logo.svg
FAST,https://upload.wikimedia.org/wikipedia/commons/9/99/Fastenal_Logo_blk_hi-res.jpg
FB,https://upload.wikimedia.org/wikipedia/commons/7/7c/Facebook_New_Logo_%282015%29.svg
FISV,https://upload.wikimedia.org/wikipedia/commons/8/89/Fiserv_logo.svg
FOX,https://upload.wikimedia.org/wikipedia/commons/5/5f/21st_Century_Fox_logo.svg
GILD,https://upload.wikimedia.org/wikipedia/en/5/56/Gilead_Sciences_Logo.svg
GOOG,https://upload.wikimedia.org/wikipedia/commons/7/7a/Alphabet_Inc_Logo_2015.svg
GOOGL,https://upload.wikimedia.org/wikipedia/commons/7/7a/Alphabet_Inc_Logo_2015.svg
HAS,https://upload.wikimedia.org/wikipedia/en/7/79/Hasbro.png
HOLX,https://upload.wikimedia.org/wikipedia/en/1/1f/Hologiclogo.jpg
HSC,https://upload.wikimedia.org/wikipedia/en/1/13/Henry_Schein.svg
IDXX,https://upload.wikimedia.org/wikipedia/en/a/ac/IDEXX_Labs.svg
ILMN,https://upload.wikimedia.org/wikipedia/commons/a/a9/Illumina_%28company%29_logo.jpg
INCY,https://i.forbesimg.com/media/lists/companies/incyte_416x416.jpg
INTC,https://upload.wikimedia.org/wikipedia/commons/c/c9/Intel-logo.svg
INTU,https://upload.wikimedia.org/wikipedia/commons/a/ae/Intuit_Logo.svg
ISRG,https://www.intuitivesurgical.com/landing/images/Intuitive_Logo.svg
JBHT,https://upload.wikimedia.org/wikipedia/en/e/e4/J_B_Hunt_Logo.jpg
JD,https://upload.wikimedia.org/wikipedia/en/7/79/JD_logo.png
KHC,https://upload.wikimedia.org/wikipedia/commons/5/55/KraftHeinz.svg
KLAC,https://upload.wikimedia.org/wikipedia/en/6/63/KLA-Tencor_logo.jpg
LBTYA,https://upload.wikimedia.org/wikipedia/en/c/cd/Liberty_Global.png
LRCX,https://upload.wikimedia.org/wikipedia/en/a/ac/Lam_Research_logo.svg
LVNTA,https://upload.wikimedia.org/wikipedia/en/8/87/Liberty_Interactive_logo.gif
MAR,https://upload.wikimedia.org/wikipedia/en/4/4e/MarriottInternational.svg
MAT,https://upload.wikimedia.org/wikipedia/commons/6/6a/Mattel-brand.svg
MCHP,https://upload.wikimedia.org/wikipedia/en/9/92/MicrochipTechnology_Logo.png
MDLZ,https://upload.wikimedia.org/wikipedia/en/2/2c/Mondelez_International_logo.png
MELI,https://upload.wikimedia.org/wikipedia/en/3/36/Mercado_libre_logo.png
MNST,https://upload.wikimedia.org/wikipedia/en/f/f7/Monster_Logo.png
MSFT,https://upload.wikimedia.org/wikipedia/commons/9/96/Microsoft_logo_%282012%29.svg
MU,https://upload.wikimedia.org/wikipedia/commons/9/9b/Micron_Technology_logo.svg
MXIM,https://upload.wikimedia.org/wikipedia/en/7/70/Company_logo_for_Maxim_Integrated.jpg
MYL,https://upload.wikimedia.org/wikipedia/commons/b/b1/Mylan_Logo.svg
NCLH,https://upload.wikimedia.org/wikipedia/commons/2/27/Norwegian-Cruise-Line-Logo.svg
NFLX,https://upload.wikimedia.org/wikipedia/commons/0/08/Netflix_2015_logo.svg
NTES,https://upload.wikimedia.org/wikipedia/en/4/41/Netease_logo_2.svg
NVDA,https://upload.wikimedia.org/wikipedia/en/6/6d/Nvidia_image_logo.svg
ORLY,https://upload.wikimedia.org/wikipedia/en/a/a5/O%27Reilly_Auto_Parts_Logo.svg
PAYX,https://upload.wikimedia.org/wikipedia/commons/6/6b/Paychex_logo.svg
PCAR,https://upload.wikimedia.org/wikipedia/commons/7/7c/Paccar_Inc_logo.svg
PCLN,https://upload.wikimedia.org/wikipedia/commons/a/a9/Priceline_logo_lockup_-centered.svg
PYPL,https://upload.wikimedia.org/wikipedia/commons/b/b5/PayPal.svg
QCOM,https://upload.wikimedia.org/wikipedia/commons/f/fc/Qualcomm-Logo.svg
QVCA,https://upload.wikimedia.org/wikipedia/en/8/87/Liberty_Interactive_logo.gif
REGN,https://upload.wikimedia.org/wikipedia/commons/4/48/Regeneron_logo.svg
ROST,https://upload.wikimedia.org/wikipedia/commons/2/2f/Ross_Stores_logo.jpg
SBUX,https://upload.wikimedia.org/wikipedia/en/d/d3/Starbucks_Corporation_Logo_2011.svg
SHPG,https://upload.wikimedia.org/wikipedia/en/8/84/Shire_plc_logo.png
SIRI,https://upload.wikimedia.org/wikipedia/commons/f/f5/Sirius_XM_Radio_Logo.svg
STX,https://upload.wikimedia.org/wikipedia/commons/7/7f/Seagate_logo.svg
SWKS,https://upload.wikimedia.org/wikipedia/en/e/e0/Skyworks_Solutions_logo.png
SYMC,https://upload.wikimedia.org/wikipedia/commons/2/22/Symantec_logo10.svg
TMUS,https://upload.wikimedia.org/wikipedia/commons/9/93/T-Mobile_logo2.svg
TSCO,https://upload.wikimedia.org/wikipedia/en/1/15/Tractor_Supply_Company_logo.png
TSLA,https://upload.wikimedia.org/wikipedia/commons/b/bd/Tesla_Motors.svg
TXN,https://upload.wikimedia.org/wikipedia/en/9/95/Texas_Instruments_Logo.svg
ULTA,https://upload.wikimedia.org/wikipedia/commons/4/40/ULTA_Beauty_Logo.png
VIAB,https://upload.wikimedia.org/wikipedia/commons/3/37/Viacom_logo.svg
VOD,https://upload.wikimedia.org/wikipedia/en/d/d5/Vodafone_logo.png
VRSK,https://upload.wikimedia.org/wikipedia/commons/2/2c/Logo_Verisk_Analytics.jpg
VRTX,https://upload.wikimedia.org/wikipedia/commons/5/5a/VertexPharma-logo2.png
WBA,https://upload.wikimedia.org/wikipedia/en/5/5b/Walgreens_Boots_Alliance.png
WD,https://upload.wikimedia.org/wikipedia/commons/2/2b/Western_Digital_logo.svg
WYNN,https://upload.wikimedia.org/wikipedia/en/b/bc/Wynn_Resorts_logo.svg
XLNX,https://upload.wikimedia.org/wikipedia/en/c/cb/Xilinx_logo.svg
XRAY,https://upload.wikimedia.org/wikipedia/commons/e/ec/Dentsply_sirona_logo.svg
ROX,https://pbs.twimg.com/profile_images/531216316/CBlogolRGB-small.JPG
SIM,https://sportsperspectives.com/logos/grupo-simec-sab-de-cv-logo.png
IMO,https://upload.wikimedia.org/wikipedia/en/4/4a/Imperial_Oil.svg
BTI,https://upload.wikimedia.org/wikipedia/en/0/05/British_American_Tobacco_logo.svg
LNG,https://www.chaffeybreeze.com/wp-content/themes/alambre/includes/timthumb.php?w=250&zc=1&src=/logos/cheniere-energy-partners-lp-holdings-llc-logo.png
URG,https://photos.prnewswire.com/prnvar/20110913/LA67628LOGO
SEB,https://upload.wikimedia.org/wikipedia/en/e/e0/Seaboard_logo.png
VISI,https://media.licdn.com/mpr/mpr/shrink_100_100/p/1/000/04d/076/0b2355f.png
ORCL,https://upload.wikimedia.org/wikipedia/commons/5/50/Oracle_logo.svg
WMT,https://upload.wikimedia.org/wikipedia/commons/c/ca/Walmart_logo.svg
XOM,https://upload.wikimedia.org/wikipedia/commons/1/18/Exxon_Mobil_Logo.svg
WFC,https://upload.wikimedia.org/wikipedia/commons/b/b3/Wells_Fargo_Bank.svg
VZ,https://upload.wikimedia.org/wikipedia/commons/8/81/Verizon_2015_logo_-vector.svg
V,https://upload.wikimedia.org/wikipedia/commons/5/53/Visa_2014_logo_detail.svg
UTX,https://upload.wikimedia.org/wikipedia/en/d/d7/United_Technologies.svg
USB,https://upload.wikimedia.org/wikipedia/commons/c/c5/U.S._Bancorp_logo.svg
UPS,https://upload.wikimedia.org/wikipedia/commons/6/6b/United_Parcel_Service_logo_2014.svg
UNP,https://upload.wikimedia.org/wikipedia/commons/d/de/Union_pacific_railroad_logo.svg
UNH,https://upload.wikimedia.org/wikipedia/commons/e/e1/UnitedHealth_Group%2C_Inc._logo.png
TWX,https://upload.wikimedia.org/wikipedia/commons/0/02/Time_Warner_wordmark.svg
TGT,https://upload.wikimedia.org/wikipedia/commons/c/c5/Target_Corporation_logo_%28vector%29.svg
T,https://upload.wikimedia.org/wikipedia/commons/3/31/AT%26T_logo_2016.svg
SPG,https://upload.wikimedia.org/wikipedia/en/6/63/SimonMallsLogo2014.png
SO,https://upload.wikimedia.org/wikipedia/commons/d/d4/Southern_company_logo.png
SLB,https://upload.wikimedia.org/wikipedia/commons/d/dc/Schlumberger.svg
RTN,https://upload.wikimedia.org/wikipedia/commons/7/77/Raytheon.svg
PMI,https://upload.wikimedia.org/wikipedia/en/7/76/Philip_Morris_International_logo.png
PG,https://upload.wikimedia.org/wikipedia/commons/f/ff/Procter_and_Gamble_Logo.svg
PFE,https://upload.wikimedia.org/wikipedia/commons/e/e3/Pfizer.svg
PEP,https://upload.wikimedia.org/wikipedia/en/b/bf/Pepsico_logo.svg
OXY,https://upload.wikimedia.org/wikipedia/en/7/7d/Occidental_Petroleum_new_logo.png
NKE,https://upload.wikimedia.org/wikipedia/commons/a/a6/Logo_NIKE.svg
NEE,https://upload.wikimedia.org/wikipedia/en/7/76/NextEra_Energy_logo.jpg
MS,https://upload.wikimedia.org/wikipedia/commons/3/34/Morgan_Stanley_Logo_1.svg
MRK,https://upload.wikimedia.org/wikipedia/en/9/94/Merck_Logo.svg
MON,https://upload.wikimedia.org/wikipedia/en/2/2e/Monsanto_logo.svg
MO,https://upload.wikimedia.org/wikipedia/en/5/5b/Altria_logo.svg
MMM,https://upload.wikimedia.org/wikipedia/commons/1/15/3M_wordmark.svg
MET,https://upload.wikimedia.org/wikipedia/en/6/68/MetLife_logo.png
MED,https://upload.wikimedia.org/wikipedia/en/2/24/Medtronic_Logo.svg
MCD,https://upload.wikimedia.org/wikipedia/commons/3/36/McDonald%27s_Golden_Arches.svg
MA,https://upload.wikimedia.org/wikipedia/commons/2/2a/Mastercard-logo.svg
LOW,https://upload.wikimedia.org/wikipedia/en/2/2c/Lowes_Companies_Logo.svg
LMT,https://upload.wikimedia.org/wikipedia/en/9/95/Lockheed_Martin.svg
LLY,https://upload.wikimedia.org/wikipedia/commons/2/2b/Eli_Lilly_and_Company.svg
KO,https://upload.wikimedia.org/wikipedia/commons/5/5e/The_Coca-Cola_Company_logo.svg
KMI,https://upload.wikimedia.org/wikipedia/en/9/9f/Kinder-morgan-logo.PNG
JPM,https://upload.wikimedia.org/wikipedia/commons/0/07/J_P_Morgan_Chase_Logo_2008_1.svg
JNJ,https://upload.wikimedia.org/wikipedia/commons/2/22/JohnsonandJohnsonLogo.svg
IBM,https://upload.wikimedia.org/wikipedia/commons/5/51/IBM_logo.svg
HON,https://upload.wikimedia.org/wikipedia/commons/e/e7/Honeywell_The_Power_of_Connected.png
HD,https://upload.wikimedia.org/wikipedia/commons/5/5f/TheHomeDepot.svg
HAL,https://upload.wikimedia.org/wikipedia/commons/8/8b/Halliburton_logo.svg
GS,https://upload.wikimedia.org/wikipedia/commons/6/61/Goldman_Sachs.svg
GM,https://upload.wikimedia.org/wikipedia/commons/4/4e/Logo_of_General_Motors.svg
GE,https://upload.wikimedia.org/wikipedia/commons/f/ff/General_Electric_logo.svg
GD,https://upload.wikimedia.org/wikipedia/commons/7/70/Gen-dyn.svg
FDX,https://upload.wikimedia.org/wikipedia/commons/9/93/FedEx_Corporation_logo.svg
F,https://upload.wikimedia.org/wikipedia/commons/a/a0/Ford_Motor_Company_Logo.svg
EXC,https://upload.wikimedia.org/wikipedia/commons/2/25/Exelon_Corp_logo.png
EMR,https://upload.wikimedia.org/wikipedia/en/a/a9/Emerson_Electric_Company.svg
DUK,https://upload.wikimedia.org/wikipedia/en/2/2e/Duke_Energy_logo.svg
DOW,https://upload.wikimedia.org/wikipedia/commons/9/9b/Dow_Chemical_Company_logo.svg
DIS,https://upload.wikimedia.org/wikipedia/commons/6/65/TWDC_Logo.svg
DHR,https://upload.wikimedia.org/wikipedia/en/0/02/Danaher_Corporation_logo.png
DD,https://upload.wikimedia.org/wikipedia/commons/b/b4/DuPont.svg
CVX,https://upload.wikimedia.org/wikipedia/commons/8/86/Chevron_Logo.svg
CVS,https://upload.wikimedia.org/wikipedia/commons/9/9f/Cvs_health_logo14.png
COP,https://upload.wikimedia.org/wikipedia/en/0/0c/ConocoPhillips_Logo.svg
COF,https://upload.wikimedia.org/wikipedia/en/9/98/Capital_One_logo.svg
CL,https://upload.wikimedia.org/wikipedia/commons/8/83/Colgate_palmolive_logo.svg
CAT,https://upload.wikimedia.org/wikipedia/commons/d/d0/Caterpillar_logo.svg
C,https://upload.wikimedia.org/wikipedia/commons/1/1b/Citi.svg
BRK.B,https://upload.wikimedia.org/wikipedia/commons/2/23/Berkshire_Hathaway.svg
BMY,https://upload.wikimedia.org/wikipedia/en/5/56/Bristol-Myers_Squibb_logo.svg
BLK,https://upload.wikimedia.org/wikipedia/commons/8/85/BlackRock_wordmark.svg
BK,https://upload.wikimedia.org/wikipedia/en/a/a2/BNY_Mellon.svg
BAC,https://upload.wikimedia.org/wikipedia/commons/2/20/Bank_of_America_logo.svg
BA,https://upload.wikimedia.org/wikipedia/commons/4/4f/Boeing_full_logo.svg
AXP,https://upload.wikimedia.org/wikipedia/commons/3/30/American_Express_logo.svg
ALL,https://upload.wikimedia.org/wikipedia/en/4/4b/Allstate.svg
AIG,https://upload.wikimedia.org/wikipedia/commons/b/b3/AIG_logo.svg
AGN,https://upload.wikimedia.org/wikipedia/en/5/5e/Allergan_plc_logo.svg
ACN,https://upload.wikimedia.org/wikipedia/commons/c/cd/Accenture.svg
ABT,https://upload.wikimedia.org/wikipedia/commons/6/69/AbbottLaboratories.svg
ABBV,https://upload.wikimedia.org/wikipedia/commons/3/36/Abbvie_logo.png
AYI,https://upload.wikimedia.org/wikipedia/en/5/5b/Acuity_Brands_Logo.svg
AMD,https://upload.wikimedia.org/wikipedia/commons/7/7c/AMD_Logo.svg
AAP,https://upload.wikimedia.org/wikipedia/commons/7/73/Logo_of_Advance_Auto_Parts.svg
AES,https://upload.wikimedia.org/wikipedia/en/f/fc/AES_Corporation_%28logo%29.svg
AET,https://upload.wikimedia.org/wikipedia/commons/f/f4/Aetna_logo_2012.png
AMG,https://upload.wikimedia.org/wikipedia/en/3/33/AMG11_logo.PNG
AFL,https://upload.wikimedia.org/wikipedia/en/b/b2/Aflac.svg
A,https://upload.wikimedia.org/wikipedia/en/1/14/Agilent.svg
APD,https://upload.wikimedia.org/wikipedia/commons/9/94/Air_Products_%26_Chemicals_logo.png
ALK,https://upload.wikimedia.org/wikipedia/commons/a/aa/Alaska_Air_Group_logo.jpg
ALB,https://upload.wikimedia.org/wikipedia/commons/3/3e/Albermarle_Corporation.svg
ALGN,https://upload.wikimedia.org/wikipedia/commons/8/83/Align_Technology_logo_May2017.png
ALLE,https://upload.wikimedia.org/wikipedia/en/e/e4/Allegion_logo.png
ADS,https://upload.wikimedia.org/wikipedia/en/0/02/Alliance_Data_Systems_Logo.svg
LNT,https://upload.wikimedia.org/wikipedia/en/4/43/Alliant_Energy_Logo.jpg
AEE,https://upload.wikimedia.org/wikipedia/en/b/b2/Ameren_Logo.png
AEP,https://upload.wikimedia.org/wikipedia/commons/5/5f/AEP_logo.svg
AXP,https://upload.wikimedia.org/wikipedia/commons/3/30/American_Express_logo.svg
AMT,https://upload.wikimedia.org/wikipedia/commons/7/73/American_Tower_Corporation_logo.svg
AWK,https://upload.wikimedia.org/wikipedia/en/c/c3/American_Water_%28company%29_Logo.svg
AMP,https://upload.wikimedia.org/wikipedia/commons/3/3a/Ameriprise_Logo.JPG
ABC,https://upload.wikimedia.org/wikipedia/commons/d/d8/AmerisourceBergen_logo.svg
AME,https://upload.wikimedia.org/wikipedia/commons/b/ba/Ametek_Logo.svg
APH,https://upload.wikimedia.org/wikipedia/commons/1/18/Amphenol_Logo.svg
APC,https://upload.wikimedia.org/wikipedia/en/2/22/Anadarko_Petroleum_Logo.svg
ADI,https://upload.wikimedia.org/wikipedia/commons/8/86/Analog_Devices_Logo.svg
ANSS,https://upload.wikimedia.org/wikipedia/commons/e/e5/ANSYS_logo.png
ANTM,https://upload.wikimedia.org/wikipedia/en/7/7c/Anthem_Inc_Logo.jpg
AON,https://upload.wikimedia.org/wikipedia/commons/7/72/Aon_Corporation_logo.svg
APA,https://upload.wikimedia.org/wikipedia/commons/b/b7/ApacheLogo.svg
AIV,https://upload.wikimedia.org/wikipedia/en/7/76/Aimco_Logo.PNG
ADM,https://upload.wikimedia.org/wikipedia/en/2/2e/Archer_Daniels_Midland_%28logo%29.svg
ARNC,https://upload.wikimedia.org/wikipedia/en/3/30/Arconic_logo.jpg
AJG,https://upload.wikimedia.org/wikipedia/en/3/37/Arthur_J._Gallagher_%26_Co._logo.svg
AIZ,https://upload.wikimedia.org/wikipedia/en/c/cd/Assurant_logo.svg
AN,https://upload.wikimedia.org/wikipedia/commons/8/85/AutoNation_Open_Road_Logo.png
AZO,https://upload.wikimedia.org/wikipedia/commons/3/38/Logo_of_AutoZone.png
AVB,https://upload.wikimedia.org/wikipedia/commons/3/39/Avalon-Bay-logo.jpg
AVY,https://upload.wikimedia.org/wikipedia/en/7/70/Avery_Dennison_logo.png
BHI,https://upload.wikimedia.org/wikipedia/en/4/4e/Baker_Hughes_Logo.png
BLL,https://upload.wikimedia.org/wikipedia/commons/9/99/Logo_Ball_Corporation.svg
BA,https://upload.wikimedia.org/wikipedia/commons/2/20/Bank_of_America_logo.svg
BK,https://upload.wikimedia.org/wikipedia/en/a/a2/BNY_Mellon.svg
BCR,https://upload.wikimedia.org/wikipedia/commons/0/06/Bard_logo.gif
BAX,https://upload.wikimedia.org/wikipedia/commons/d/d4/Baxter.svg
BBT,https://upload.wikimedia.org/wikipedia/commons/d/d5/BB%26T_Logo.svg
BDX,https://upload.wikimedia.org/wikipedia/en/f/f8/Update_Color_BD_PNG_Logo.png
BBBY,https://upload.wikimedia.org/wikipedia/commons/2/20/Bedbath%26beyond.svg
BRK.A,https://upload.wikimedia.org/wikipedia/commons/2/23/Berkshire_Hathaway.svg
BBY,https://upload.wikimedia.org/wikipedia/commons/f/f5/Best_Buy_Logo.svg
HRB,https://upload.wikimedia.org/wikipedia/commons/f/f7/HR-Block-Review-2014-cropped.jpg
BWA,https://upload.wikimedia.org/wikipedia/en/e/eb/BorgWarner.svg
BXP,https://upload.wikimedia.org/wikipedia/commons/2/2f/BXP_Logo_2016.png
BSX,https://upload.wikimedia.org/wikipedia/en/b/b8/Bostonscientificlogo.png
BMY,https://upload.wikimedia.org/wikipedia/en/5/56/Bristol-Myers_Squibb_logo.svg
BF.B,https://upload.wikimedia.org/wikipedia/en/3/38/Brown%E2%80%93Forman_logo.svg
CHRW,https://upload.wikimedia.org/wikipedia/en/f/f0/CH_Robinson_Logo_2015.png
CA,https://upload.wikimedia.org/wikipedia/commons/0/08/CA_Technologies_logo.svg
COG,https://upload.wikimedia.org/wikipedia/en/b/b1/Cabot_Oil_Logo.png
CPB,https://upload.wikimedia.org/wikipedia/commons/9/9d/Campbell_Soup_Company_logo.svg
COF,https://upload.wikimedia.org/wikipedia/en/9/98/Capital_One_logo.svg
CAH,https://upload.wikimedia.org/wikipedia/en/e/e1/Cardinal_Health_Logo.svg
CBOE,https://upload.wikimedia.org/wikipedia/commons/b/b5/CBOE_Logo.jpg
CMX,https://upload.wikimedia.org/wikipedia/commons/b/bd/CarMax_Logo.svg
CCL,https://upload.wikimedia.org/wikipedia/en/5/58/Carnival.svg
CAT,https://upload.wikimedia.org/wikipedia/commons/d/d0/Caterpillar_logo.svg
CBRE,https://upload.wikimedia.org/wikipedia/en/5/5c/CBRE_Group_logo.svg
CBS,https://upload.wikimedia.org/wikipedia/commons/f/fd/CBS_Corporation_logo.svg
CNC,https://upload.wikimedia.org/wikipedia/commons/b/bb/Centene_Corporation_Logo.svg
CNP,https://upload.wikimedia.org/wikipedia/commons/0/06/CenterPoint_Energy_logo.svg
CTL,https://upload.wikimedia.org/wikipedia/commons/0/02/CenturyLink_2010_logo.svg
CERN,https://upload.wikimedia.org/wikipedia/en/3/3f/2011.Cerner.logo.png
CF,https://upload.wikimedia.org/wikipedia/en/9/97/Cfindustrieslogo.JPG
SCHW,https://upload.wikimedia.org/wikipedia/commons/a/a4/Charles_Schwab_Corporation_logo.png
CHTR,https://upload.wikimedia.org/wikipedia/en/c/c8/Charter_Communications_logo.svg
CHK,https://upload.wikimedia.org/wikipedia/en/d/d2/Chesapeake_Energy_Corporation_Logo.jpg
CVX,https://upload.wikimedia.org/wikipedia/commons/8/86/Chevron_Logo.svg
CMG,https://upload.wikimedia.org/wikipedia/en/3/3b/Chipotle_Mexican_Grill_logo.svg
CB,https://upload.wikimedia.org/wikipedia/commons/4/48/Chubb-Limited-logo.svg
CHD,https://upload.wikimedia.org/wikipedia/en/d/df/Church_%26_Dwight_logo.svg
CI,https://upload.wikimedia.org/wikipedia/en/5/5f/Cigna_logo.svg
XEC,https://upload.wikimedia.org/wikipedia/en/5/5d/Cimarex_Energy_logo.jpg
CINF,https://upload.wikimedia.org/wikipedia/en/b/bc/Cincinnati-Financial.png
CFG,https://upload.wikimedia.org/wikipedia/en/2/2d/Citizens_Financial_Group_%28logo%29.png
CLX,https://upload.wikimedia.org/wikipedia/en/0/09/The_Clorox_Company_logo.png
CME,https://upload.wikimedia.org/wikipedia/en/b/bb/Cme-group-logo.PNG
CMS,https://upload.wikimedia.org/wikipedia/en/3/36/CMS_Energy_logo.png
COH,https://upload.wikimedia.org/wikipedia/en/6/62/Official_Coach_Inc_Logo.gif
KO,https://upload.wikimedia.org/wikipedia/commons/5/5e/The_Coca-Cola_Company_logo.svg
CMA,https://upload.wikimedia.org/wikipedia/en/9/9e/Comerica.jpg
CAG,https://upload.wikimedia.org/wikipedia/en/4/44/Conagra_brands_logo17.png
CXO,https://upload.wikimedia.org/wikipedia/en/9/94/Concho_Resources_logo.svg
ED,https://upload.wikimedia.org/wikipedia/commons/0/0c/ConEd_logo.svg
STZ,https://upload.wikimedia.org/wikipedia/en/7/7f/Constellation_Brands_Logo.png
COO,https://upload.wikimedia.org/wikipedia/commons/e/ee/Cooper_companies_logo.png
GLW,https://upload.wikimedia.org/wikipedia/commons/6/63/Corning_Incorporated_Logo.svg
COTY,https://upload.wikimedia.org/wikipedia/commons/e/e1/Coty_Inc_logo_2016.png
CCI,https://upload.wikimedia.org/wikipedia/en/d/d9/Crown_Castle_International_Corp._logo.png
CSRA,https://upload.wikimedia.org/wikipedia/commons/4/42/CSRA_Logo.png
CMI,https://upload.wikimedia.org/wikipedia/en/2/2c/Logo_cummins.gif
CVS,https://upload.wikimedia.org/wikipedia/commons/9/9f/Cvs_health_logo14.png
DHI,https://upload.wikimedia.org/wikipedia/en/8/80/D._R._Horton_logo.png
DHR,https://upload.wikimedia.org/wikipedia/en/0/02/Danaher_Corporation_logo.png
DRI,https://upload.wikimedia.org/wikipedia/en/4/4c/Darden_logo.svg
DVA,https://upload.wikimedia.org/wikipedia/en/3/3b/Davita_logo.jpg
DE,https://upload.wikimedia.org/wikipedia/en/c/cf/John_Deere_logo.svg
DLPH,https://upload.wikimedia.org/wikipedia/en/7/76/Delphi_logo.jpg
DAL,https://upload.wikimedia.org/wikipedia/en/7/76/Delphi_logo.jpg
XRAY,https://upload.wikimedia.org/wikipedia/commons/e/ec/Dentsply_sirona_logo.svg
DVN,https://upload.wikimedia.org/wikipedia/commons/6/67/Devon-Energy-Logo.svg
DLR,https://upload.wikimedia.org/wikipedia/en/3/34/Digital-realty-trust-inc-logo.png
DFS,https://upload.wikimedia.org/wikipedia/en/2/2b/Discover_Financial.jpg
DISCA,https://upload.wikimedia.org/wikipedia/en/c/c7/Discovery_Communications.svg
DISCK,https://upload.wikimedia.org/wikipedia/en/c/c7/Discovery_Communications.svg
DG,https://upload.wikimedia.org/wikipedia/en/c/ce/Dollar_General_logo.png
D,https://upload.wikimedia.org/wikipedia/commons/d/d9/Dominion_Energy.png
DOV,https://upload.wikimedia.org/wikipedia/commons/a/ae/Dover_Corporation_logo.png
DOW,https://upload.wikimedia.org/wikipedia/commons/9/9b/Dow_Chemical_Company_logo.svg
DPS,https://upload.wikimedia.org/wikipedia/en/f/f4/DPSG_Logo.svg
DTE,https://upload.wikimedia.org/wikipedia/en/4/4a/DTE_Energy_logo.png
ETFC,https://upload.wikimedia.org/wikipedia/commons/2/22/ETrade.svg
EMN,https://upload.wikimedia.org/wikipedia/commons/1/16/Eastman_Chemical_Company_logo.svg
ETN,https://upload.wikimedia.org/wikipedia/commons/2/2b/Eaton_Corporation_logo.svg
ECL,https://upload.wikimedia.org/wikipedia/en/2/26/Ecolab.svg
EIX,https://upload.wikimedia.org/wikipedia/en/6/6b/Edison_International_Logo.svg
EW,https://upload.wikimedia.org/wikipedia/en/5/50/Edwards_Lifesciences_logo.png
ETR,https://upload.wikimedia.org/wikipedia/en/d/dc/ETR_LOGO.png
EOG,https://upload.wikimedia.org/wikipedia/en/6/66/EOG.jpg
EQT,https://upload.wikimedia.org/wikipedia/en/c/c7/EQT_logo.jpg
EFX,https://upload.wikimedia.org/wikipedia/en/2/24/Equifax.svg
EQIX,https://upload.wikimedia.org/wikipedia/en/a/a7/Equinix.svg
EQR,https://upload.wikimedia.org/wikipedia/en/4/4e/Equity_residentiAL_LOGO.PNG
EL,https://upload.wikimedia.org/wikipedia/commons/e/e8/ELCompanies_Logo.JPG
ES,https://upload.wikimedia.org/wikipedia/en/f/f7/Eversource_Energy_logo.png
EXC,https://upload.wikimedia.org/wikipedia/commons/2/25/Exelon_Corp_logo.png
EXPD,https://upload.wikimedia.org/wikipedia/en/6/66/Expeditors-logo.PNG
ESRX,https://upload.wikimedia.org/wikipedia/en/a/a4/Express_Scripts_logo.svg
EXR,https://upload.wikimedia.org/wikipedia/en/e/e0/Extra_Space_Storage.png
FFIV,https://upload.wikimedia.org/wikipedia/en/f/f9/F5_Networks_logo.svg
FIS,https://upload.wikimedia.org/wikipedia/en/4/48/FIS_%28company%29_Fidelity_National_Information_Services_Inc._Corporate_Logo.svg
FITB,https://upload.wikimedia.org/wikipedia/en/6/67/Fifth_Third_Bank.svg
FE,https://upload.wikimedia.org/wikipedia/commons/a/a4/FirstEnergy_Logo.svg
FISV,https://upload.wikimedia.org/wikipedia/commons/8/89/Fiserv_logo.svg
FLIR,https://upload.wikimedia.org/wikipedia/commons/d/d0/FLIR_logo.png
FLS,https://upload.wikimedia.org/wikipedia/en/8/8b/FS_red2x3quarters.png
FLR,https://upload.wikimedia.org/wikipedia/commons/e/ef/Logo_FLUOR.svg
FMC,https://upload.wikimedia.org/wikipedia/commons/8/86/FMC_Corporation_logo.png
FL,https://upload.wikimedia.org/wikipedia/en/9/94/Foot_Locker_logo.svg
FTV,https://upload.wikimedia.org/wikipedia/commons/c/cb/Fortive-Logo.jpg
FBHS,https://upload.wikimedia.org/wikipedia/commons/5/5d/Fortune_Brands_Home_%26_Security_Logo.png
BEN,https://upload.wikimedia.org/wikipedia/en/f/ff/Franklin_Resources_Logo.JPG
FCX,https://upload.wikimedia.org/wikipedia/en/b/b1/Freeport_McMoRan.svg
GPS,https://upload.wikimedia.org/wikipedia/commons/0/0d/New_Gap_logo.svg
GRMN,https://upload.wikimedia.org/wikipedia/commons/c/c7/Garmin_logo.svg
IT,https://upload.wikimedia.org/wikipedia/commons/9/98/Gartner_logo.svg
GD,https://upload.wikimedia.org/wikipedia/commons/7/70/Gen-dyn.svg
GE,https://upload.wikimedia.org/wikipedia/commons/f/ff/General_Electric_logo.svg
GGP,https://upload.wikimedia.org/wikipedia/en/7/71/General_Growth_Properties_%28logo%29.gif
GIS,https://upload.wikimedia.org/wikipedia/commons/0/00/General_Mills_logo.svg
GPC,https://upload.wikimedia.org/wikipedia/en/e/e1/Genuine_Parts_Company_logo.png
HPY,https://upload.wikimedia.org/wikipedia/en/3/33/Heartland_Payment_Systems_logo.png
GT,https://upload.wikimedia.org/wikipedia/en/3/35/Goodyear_logo.svg
GWW,https://upload.wikimedia.org/wikipedia/commons/6/64/Grainger_logo.gif
HBI,https://upload.wikimedia.org/wikipedia/commons/9/99/HanesBrands.jpg
HD,https://upload.wikimedia.org/wikipedia/en/b/b2/Harley-Davidson.svg
HRS,https://upload.wikimedia.org/wikipedia/commons/8/88/Harris_Corporation_Logo.svg
HIG,https://upload.wikimedia.org/wikipedia/en/0/0b/The_Hartford_Financial_Services_Group_logo.svg
HCA,https://upload.wikimedia.org/wikipedia/en/0/03/Hospital_Corporation_of_America_%28logo%29.jpg
HCP,https://upload.wikimedia.org/wikipedia/en/3/35/Health_Care_Property_Investors_SVG_Logo.svg
HP,https://upload.wikimedia.org/wikipedia/en/f/fc/Helmerich_%26_Payne_logo.png
HSIC,https://upload.wikimedia.org/wikipedia/en/1/13/Henry_Schein.svg
HSY,https://upload.wikimedia.org/wikipedia/commons/8/81/HersheyCo.svg
HES,https://upload.wikimedia.org/wikipedia/commons/5/58/Hess_Corporation_Logo.svg
HPE,https://upload.wikimedia.org/wikipedia/commons/4/46/Hewlett_Packard_Enterprise_logo.svg
HLT,https://upload.wikimedia.org/wikipedia/commons/8/8a/Hilton_Worldwide_logo.svg
HOLX,https://upload.wikimedia.org/wikipedia/en/1/1f/Hologiclogo.jpg
HD,https://upload.wikimedia.org/wikipedia/commons/5/5f/TheHomeDepot.svg
HON,https://upload.wikimedia.org/wikipedia/commons/e/e7/Honeywell_The_Power_of_Connected.png
HRL,https://upload.wikimedia.org/wikipedia/en/a/a1/Hormel_logo.svg
HST,https://upload.wikimedia.org/wikipedia/en/3/38/Host_Hotels_%26_Resorts.png
HPQ,https://upload.wikimedia.org/wikipedia/commons/a/ad/HP_logo_2012.svg
HUM,https://upload.wikimedia.org/wikipedia/commons/9/9d/Humana_logo.png
HBAN,https://upload.wikimedia.org/wikipedia/en/c/cf/Huntington_logo.png
IDXX,https://upload.wikimedia.org/wikipedia/en/a/ac/IDEXX_Labs.svg
INFO,https://upload.wikimedia.org/wikipedia/en/1/15/Ihs_markit_logo.png
ITW,https://upload.wikimedia.org/wikipedia/en/b/bd/ITW-Logo.png
ILMN,https://upload.wikimedia.org/wikipedia/commons/a/a9/Illumina_%28company%29_logo.jpg
IR,https://upload.wikimedia.org/wikipedia/en/3/35/Ingersoll_Rand_logo.png
ICE,https://upload.wikimedia.org/wikipedia/commons/9/90/ICE_logo_100px_RGB-01.png
IP,https://upload.wikimedia.org/wikipedia/commons/3/3e/International_Paper.svg
IPG,https://upload.wikimedia.org/wikipedia/en/9/91/Interpublic_Group_of_Companies_logo.svg
IFF,https://upload.wikimedia.org/wikipedia/en/b/b9/International_Flavors_and_Fragrances_%28logo%29.png
IVZ,https://upload.wikimedia.org/wikipedia/en/9/99/Invesco.svg
IRM,https://upload.wikimedia.org/wikipedia/en/9/9d/Iron_Mountain_%28logo%29.svg
JEC,https://upload.wikimedia.org/wikipedia/commons/f/f8/Jacobs_Engineering_Group_logo.png
JBHT,https://upload.wikimedia.org/wikipedia/en/e/e4/J_B_Hunt_Logo.jpg
SJM,https://upload.wikimedia.org/wikipedia/commons/b/b1/Smuckers_logo.svg
JCI,https://upload.wikimedia.org/wikipedia/en/0/0f/Johnson_Controls.svg
JPM,https://upload.wikimedia.org/wikipedia/commons/0/07/J_P_Morgan_Chase_Logo_2008_1.svg
JNPR,https://upload.wikimedia.org/wikipedia/commons/3/31/Juniper_Networks_logo.svg
K,https://upload.wikimedia.org/wikipedia/commons/0/0a/Kellogg%27s-Logo.svg
KEY,https://upload.wikimedia.org/wikipedia/commons/d/d8/KeyBank.png
KMB,https://upload.wikimedia.org/wikipedia/en/8/88/Kimberly-Clark_logo.svg
KIM,https://upload.wikimedia.org/wikipedia/commons/a/a6/Kimco_Logo.png
KSS,https://upload.wikimedia.org/wikipedia/commons/f/f6/Kohl%27s.svg
KR,https://upload.wikimedia.org/wikipedia/commons/5/5c/Current_Kroger_logo.svg
LB,https://media.glassdoor.com/sqll/656/l-brands-squarelogo-1493744151988.png
LLL,https://upload.wikimedia.org/wikipedia/commons/8/81/L3_Technologies_Stacked_Logo.svg
LH,https://upload.wikimedia.org/wikipedia/en/1/14/LabCorp.svg
LEN,https://upload.wikimedia.org/wikipedia/commons/c/c8/Lennar_Corporation_logo.png
LVLT,https://upload.wikimedia.org/wikipedia/en/3/34/Level3_Logo.svg
LUK,https://upload.wikimedia.org/wikipedia/en/d/d7/Leucadia-logo.PNG
LLY,https://upload.wikimedia.org/wikipedia/commons/2/2b/Eli_Lilly_and_Company.svg
LNC,https://upload.wikimedia.org/wikipedia/en/9/90/Lincoln_National_Corporation_logo.png
LKQ,https://upload.wikimedia.org/wikipedia/en/5/58/Logo_for_LKQ_Corporation.svg
L,https://upload.wikimedia.org/wikipedia/en/7/75/Loews_Corp.svg
LOW,https://upload.wikimedia.org/wikipedia/en/2/2c/Lowes_Companies_Logo.svg
LYB,https://upload.wikimedia.org/wikipedia/commons/d/d0/Logo_Lyondellbasell.svg
MTB,https://upload.wikimedia.org/wikipedia/en/2/24/M%26T_Bank_logo-2015.jpg
MAC,https://upload.wikimedia.org/wikipedia/en/0/08/Macerich.svg
M,https://upload.wikimedia.org/wikipedia/commons/f/f7/Macy%27s_Inc.svg
MNK,https://upload.wikimedia.org/wikipedia/en/4/44/Mallinckrodt_logo.png
MRO,https://upload.wikimedia.org/wikipedia/en/9/93/MarathonOil.jpg
MPC,https://upload.wikimedia.org/wikipedia/en/b/bd/Marathon_Oil_logo.svg
MAR,https://upload.wikimedia.org/wikipedia/en/4/4e/MarriottInternational.svg
MMC,https://upload.wikimedia.org/wikipedia/en/9/97/Mmc-logo.PNG
MLM,https://upload.wikimedia.org/wikipedia/commons/4/4a/MLMcompanylogo.gif
MAS,https://upload.wikimedia.org/wikipedia/commons/7/78/Masco_logo.png
MA,https://upload.wikimedia.org/wikipedia/commons/2/2a/Mastercard-logo.svg
MAT,https://upload.wikimedia.org/wikipedia/commons/6/6a/Mattel-brand.svg
MKC,https://upload.wikimedia.org/wikipedia/commons/e/ec/McCormick.svg
MCD,https://upload.wikimedia.org/wikipedia/commons/3/36/McDonald%27s_Golden_Arches.svg
MCK,https://upload.wikimedia.org/wikipedia/commons/5/5a/Mck_logo_2color.jpg
MDT,https://upload.wikimedia.org/wikipedia/en/2/24/Medtronic_Logo.svg
MTD,https://upload.wikimedia.org/wikipedia/commons/5/53/150_Wordmark_MT.jpg
MK,https://upload.wikimedia.org/wikipedia/en/3/32/Michael_Kors_%28brand%29_logo.svg
MCHP,https://upload.wikimedia.org/wikipedia/en/9/92/MicrochipTechnology_Logo.png
MU,https://upload.wikimedia.org/wikipedia/commons/9/9b/Micron_Technology_logo.svg
MAA,https://www.americanbankingnews.com/logos/mid-america-apartment-communities-inc-logo.png
MHK,https://upload.wikimedia.org/wikipedia/en/b/b2/Mohawk_Industries_logo.png
TAP,https://upload.wikimedia.org/wikipedia/en/e/e2/Molson_Coors_logo.svg
MCO,https://upload.wikimedia.org/wikipedia/commons/a/aa/Moody%E2%80%99s_logo.svg
MOS,https://upload.wikimedia.org/wikipedia/commons/7/7b/Mosaic_Logo.svg
MSI,https://upload.wikimedia.org/wikipedia/en/2/29/Motorola_solutions_logo.png
MUR,https://upload.wikimedia.org/wikipedia/commons/4/4e/Murphy_Oil_Logo.svg
NDAQ,https://www.nutanix.com/wp-content/uploads/2017/02/logo_nasdaq.svg
NOV,https://upload.wikimedia.org/wikipedia/commons/6/62/National-Oilwell-Varco-Logo.svg
NTAP,https://upload.wikimedia.org/wikipedia/en/8/87/Netapp_logo.svg
NWL,https://upload.wikimedia.org/wikipedia/commons/3/3b/Newell_Brands_logo.svg
NFX,https://upload.wikimedia.org/wikipedia/en/0/0f/Newfield.png
NEM,https://upload.wikimedia.org/wikipedia/en/9/98/Newmont_logo.svg
NWSA,https://upload.wikimedia.org/wikipedia/commons/5/55/News_Corp_logo_2013.svg
NWS,https://upload.wikimedia.org/wikipedia/commons/5/55/News_Corp_logo_2013.svg
NLSN,https://upload.wikimedia.org/wikipedia/commons/8/82/Nielsen_logo.svg
NI,https://upload.wikimedia.org/wikipedia/en/d/de/Nisource_logo.svg
NBL,https://upload.wikimedia.org/wikipedia/en/1/19/NobleEnergyLogo.png
JWN,https://upload.wikimedia.org/wikipedia/commons/1/1f/Nordstrom_Logo.svg
NSC,https://upload.wikimedia.org/wikipedia/en/9/9f/Nsheadlogo.svg
NTRS,https://upload.wikimedia.org/wikipedia/en/7/7f/Northern_trust_logo16.png
NOC,https://upload.wikimedia.org/wikipedia/commons/5/59/Northrop_Grumman.svg
NRG,https://upload.wikimedia.org/wikipedia/en/5/5a/Nrg-energy-logo.PNG
NUE,https://upload.wikimedia.org/wikipedia/en/2/25/Nucor_logo.JPG
OMC,https://upload.wikimedia.org/wikipedia/commons/c/c6/Omnicom_Group_Logo.png
OKE,https://upload.wikimedia.org/wikipedia/en/a/ab/ONEOK_Logo_.svg
PH,https://upload.wikimedia.org/wikipedia/en/9/9e/Parker_Hannifin.svg
PDCO,https://upload.wikimedia.org/wikipedia/commons/7/7a/Patterson_Companies_logo.svg
PAYX,https://upload.wikimedia.org/wikipedia/commons/6/6b/Paychex_logo.svg
PNR,https://upload.wikimedia.org/wikipedia/commons/0/0e/Pentair_Logo.jpg
PBCT,https://upload.wikimedia.org/wikipedia/en/e/eb/People%27s_United_Bank_logo.png
PKI,https://upload.wikimedia.org/wikipedia/en/0/05/PerkinElmer.svg
PRGO,https://upload.wikimedia.org/wikipedia/en/7/78/Perrigo_Logo.gif
PCG,https://upload.wikimedia.org/wikipedia/commons/2/21/Pacific_Gas_and_Electric_Company_%28logo%29.svg
PSX,https://upload.wikimedia.org/wikipedia/commons/4/4c/Phillips66-Logo.svg
PNW,https://upload.wikimedia.org/wikipedia/en/8/89/Pinnacle_West_Logo.png
PXD,https://upload.wikimedia.org/wikipedia/commons/b/b7/Pioneer_Natural_Resources_logo.png
PNC,https://upload.wikimedia.org/wikipedia/en/1/1b/PNClogo.svg
RL,https://upload.wikimedia.org/wikipedia/commons/6/63/Ralph_Lauren_Corporation.png
PPG,https://upload.wikimedia.org/wikipedia/en/4/48/Ppg_logo.png
PPL,https://upload.wikimedia.org/wikipedia/commons/9/9c/Pennsylvania_Power_and_Light_logo.svg
PX,https://upload.wikimedia.org/wikipedia/en/8/8c/Praxair_company_logo.jpg
PFG,https://upload.wikimedia.org/wikipedia/en/f/f1/Principal_Financial_Group_logo.png
PGR,https://upload.wikimedia.org/wikipedia/commons/d/d8/Logo_of_the_Progressive_Corporation.svg
PLD,https://upload.wikimedia.org/wikipedia/commons/e/e5/Prologis_logo.svg
PRU,https://upload.wikimedia.org/wikipedia/en/7/7e/Prudential_Financial.svg
PEG,https://upload.wikimedia.org/wikipedia/en/4/4f/PSEG_logo.svg
PSA,https://upload.wikimedia.org/wikipedia/en/f/f6/Public_Storage_Logo_2017.png
PHM,https://upload.wikimedia.org/wikipedia/en/6/6b/Pulte_Group_logo.png
PVH,https://upload.wikimedia.org/wikipedia/commons/e/ed/Pvh-corp-logo.PNG
QRVO,https://upload.wikimedia.org/wikipedia/commons/8/85/Qorvo_logo_black.png
PWR,https://upload.wikimedia.org/wikipedia/commons/9/98/QScolorjpg.jpg
DGX,https://upload.wikimedia.org/wikipedia/en/7/70/Quest_Diagnostics_logo_2015.png
RRC,https://upload.wikimedia.org/wikipedia/en/0/0e/Range_logo.svg
RJF,https://upload.wikimedia.org/wikipedia/commons/6/64/Raymond_James_Logo.JPG
RTN,https://upload.wikimedia.org/wikipedia/commons/7/77/Raytheon.svg
O,https://upload.wikimedia.org/wikipedia/en/6/68/Realty_Income_Logo.jpeg
RHT,https://upload.wikimedia.org/wikipedia/en/6/6c/RedHat.svg
REG,https://upload.wikimedia.org/wikipedia/commons/5/56/Regency_Centers_Logo.png
RF,https://upload.wikimedia.org/wikipedia/en/a/a3/Regions-logo.png
RSG,https://upload.wikimedia.org/wikipedia/en/2/27/RSI-2015_Logo-Stacked-hi_res.jpg
RAI,https://upload.wikimedia.org/wikipedia/en/7/7f/Reynolds_American_Logo.png
RHI,https://upload.wikimedia.org/wikipedia/commons/3/30/RH_LG_2013_LAR_RGB.jpg
ROK,https://upload.wikimedia.org/wikipedia/commons/b/b9/Rockwell_Automation_logo.svg
COL,https://upload.wikimedia.org/wikipedia/en/4/46/Rockwell_Collins_logo.png
ROP,https://upload.wikimedia.org/wikipedia/en/1/1e/Roper-Industries.png
RCL,https://upload.wikimedia.org/wikipedia/en/1/16/Royal_Caribbean_Cruises_Ltd._logo.svg
CRM,https://upload.wikimedia.org/wikipedia/en/3/34/SFDC_logo.png
SCG,https://upload.wikimedia.org/wikipedia/en/b/bf/Scana-corporation-logo.jpg
SNI,https://upload.wikimedia.org/wikipedia/en/b/b5/Scripps_Networks_Interactive.svg
SEE,https://upload.wikimedia.org/wikipedia/en/8/8e/SA_Brandmark_CMYK_reduced.png
SRE,https://upload.wikimedia.org/wikipedia/en/5/51/Sempra_Energy_logo.png
SHW,https://upload.wikimedia.org/wikipedia/en/3/34/Sherwin_Williams.svg
SIG,https://upload.wikimedia.org/wikipedia/en/d/d0/Signet_Jewelers_logo.png
SPG,https://upload.wikimedia.org/wikipedia/en/6/63/SimonMallsLogo2014.png
SNA,https://upload.wikimedia.org/wikipedia/en/3/36/Snap-on_logo.svg
LUV,https://upload.wikimedia.org/wikipedia/commons/c/c4/Southwest_Airlines_logo_2014.svg
SPGI,https://upload.wikimedia.org/wikipedia/en/e/ee/S%26P_Global_logo.svg
SWK,https://upload.wikimedia.org/wikipedia/en/c/c0/Stanley_Black_%26_Decker_%28logo%29.png
SPLS,https://upload.wikimedia.org/wikipedia/commons/9/94/S1012238_%284%29_%28Converted%29.png
STT,https://upload.wikimedia.org/wikipedia/en/c/ce/State_Street_Corporation_logo.svg
SRCL,https://upload.wikimedia.org/wikipedia/en/7/7f/SRCL.gif
SYK,https://upload.wikimedia.org/wikipedia/en/d/dd/Stryker_Logo.png
STI,https://upload.wikimedia.org/wikipedia/en/3/32/SunTrust_Logo.svg
SYMC,https://upload.wikimedia.org/wikipedia/commons/2/22/Symantec_logo10.svg
SYF,https://upload.wikimedia.org/wikipedia/en/7/7d/Synchrony_Financial.png
SNPS,https://upload.wikimedia.org/wikipedia/commons/b/b5/SynopsysLogo.svg
SYY,https://upload.wikimedia.org/wikipedia/en/1/10/Sysco_Logo.svg
TROW,https://upload.wikimedia.org/wikipedia/commons/e/e4/T._Rowe_Price_Logo_2017.png
TEL,https://upload.wikimedia.org/wikipedia/en/b/b3/LogoTEConnectivity.png
TSO,https://upload.wikimedia.org/wikipedia/commons/4/4c/Tesoro_logo.svg
TXT,https://upload.wikimedia.org/wikipedia/commons/6/69/Textron_logo.png
TMO,https://upload.wikimedia.org/wikipedia/commons/5/50/Thermo_Fisher_Scientific_logo.svg
TIF,https://upload.wikimedia.org/wikipedia/commons/a/aa/Tiffany_%26_Co._wordmark_2003.svg
TWX,https://upload.wikimedia.org/wikipedia/commons/0/02/Time_Warner_wordmark.svg
TJX,https://upload.wikimedia.org/wikipedia/commons/a/a2/TJXLogo.svg
TMK,https://upload.wikimedia.org/wikipedia/en/a/af/Torchmark_Logo.png
TSS,https://upload.wikimedia.org/wikipedia/commons/6/66/TSYS_logo.svg
TDG,https://upload.wikimedia.org/wikipedia/en/0/0c/Transdigm_Group_Logo.png
RIG,https://upload.wikimedia.org/wikipedia/en/d/d4/Transocean_Logo.png
TRV,https://upload.wikimedia.org/wikipedia/en/9/9e/The_Travelers_Companies.svg
TRIP,https://upload.wikimedia.org/wikipedia/en/2/22/TripAdvisor_logo.svg
TSN,https://upload.wikimedia.org/wikipedia/commons/2/2a/Tyson_foods_logo17.png
UA,https://upload.wikimedia.org/wikipedia/commons/1/14/UALogo_Lockup_blk.jpeg
UAA,https://upload.wikimedia.org/wikipedia/commons/1/14/UALogo_Lockup_blk.jpeg
UNP,https://upload.wikimedia.org/wikipedia/commons/d/de/Union_pacific_railroad_logo.svg
UAL,https://upload.wikimedia.org/wikipedia/en/e/e0/United_Airlines_Logo.svg
URI,https://upload.wikimedia.org/wikipedia/commons/b/b3/United_Rentals_Logo.svg
UHS,https://upload.wikimedia.org/wikipedia/commons/e/e0/Universal_Health_Services_new_logo.png
UNM,https://upload.wikimedia.org/wikipedia/en/7/71/Unum-logo.png
VFC,https://upload.wikimedia.org/wikipedia/en/8/8c/VF_Corporation_logo.svg
VLO,https://upload.wikimedia.org/wikipedia/en/2/2f/VALERO_logo.png
VAR,https://upload.wikimedia.org/wikipedia/en/d/d6/Varian_Medical_Systems_Logo.jpg
VRSN,https://upload.wikimedia.org/wikipedia/en/2/2b/VRSNlogoAug2012.png
VRTX,https://upload.wikimedia.org/wikipedia/commons/5/5a/VertexPharma-logo2.png
VNO,https://upload.wikimedia.org/wikipedia/commons/0/05/Vornado_Realty_Trust_logo.png
VMC,https://upload.wikimedia.org/wikipedia/en/2/25/Vulcan_Materials_Logo.png
WMI,https://upload.wikimedia.org/wikipedia/commons/e/e4/Waste_Management_Logo.svg
WAT,https://upload.wikimedia.org/wikipedia/en/f/f2/Waters_logo.png
WEC,https://upload.wikimedia.org/wikipedia/en/7/7e/Wisconsin_Energy_Corporation_logo.png
HCN,https://upload.wikimedia.org/wikipedia/en/5/5d/Welltowerofficialogo.jpg
WDC,https://upload.wikimedia.org/wikipedia/commons/2/2b/Western_Digital_logo.svg
WU,https://upload.wikimedia.org/wikipedia/commons/5/59/WU_LOGO.jpg
WRK,https://upload.wikimedia.org/wikipedia/commons/8/80/WestRock.png
WY,https://upload.wikimedia.org/wikipedia/en/4/47/Weyerhaeuser.svg
WHR,https://upload.wikimedia.org/wikipedia/en/5/5f/Whirlpool_Corporation_logo.svg
WFM,https://s-media-cache-ak0.pinimg.com/originals/e5/07/f8/e507f84daed2431e8ffcca490f4aa52b.jpg
WMB,https://upload.wikimedia.org/wikipedia/en/8/81/Williams_Companies_logo.svg
WLTW,https://upload.wikimedia.org/wikipedia/en/3/34/Willis_Towers_Watson_logo.png
WYN,https://upload.wikimedia.org/wikipedia/commons/0/05/Wyndham_Worldwide_logo.png
WYNN,https://upload.wikimedia.org/wikipedia/en/b/bc/Wynn_Resorts_logo.svg
XEL,https://upload.wikimedia.org/wikipedia/commons/4/43/Xcel-energy.svg
XRX,https://upload.wikimedia.org/wikipedia/en/d/db/Xerox_2008_Logo.png
XLNX,https://upload.wikimedia.org/wikipedia/en/c/cb/Xilinx_logo.svg
XYL,https://upload.wikimedia.org/wikipedia/commons/4/43/Xylem_Logo.png
YUM,https://upload.wikimedia.org/wikipedia/commons/0/02/Yum%21_Brands_Logo.svg
ZBH,https://upload.wikimedia.org/wikipedia/commons/4/4a/Zimmer_Biomet_logo_2016.png
ZION,https://upload.wikimedia.org/wikipedia/commons/4/4d/Zions_Bancorporation_Logo.svg
ZTS,https://upload.wikimedia.org/wikipedia/commons/6/68/Zoetis_logo_sw.jpg
TDC,https://www.hub4tech.com/sites/default/files/InterviewQA/Teradata.png
R,https://upload.wikimedia.org/wikipedia/en/5/52/Ryder_System_%28logo%29.svg
MJN,https://upload.wikimedia.org/wikipedia/en/d/db/Mead_Johnson_logo.png
TGNA,https://upload.wikimedia.org/wikipedia/en/5/58/TEGNA_Logo.png
DNB,https://upload.wikimedia.org/wikipedia/en/5/5e/Dun_%26_Bradstreet_Logo.jpg
SWN,https://upload.wikimedia.org/wikipedia/commons/0/05/Southwestern_Energy_logo.jpg
URBN,https://upload.wikimedia.org/wikipedia/en/7/79/URBN_logo.png
FTR,https://upload.wikimedia.org/wikipedia/en/9/93/Frontier_Communications_Corporation_logo_2016.svg
FSLR,https://upload.wikimedia.org/wikipedia/en/0/06/FSLR_logo.png
HRMN,https://upload.wikimedia.org/wikipedia/commons/6/62/Harman_Primary_Corporate_Logo_CMYK.png
LLTC,https://upload.wikimedia.org/wikipedia/en/c/c0/Linear_Technology_Corporation_logo.svg
ENDP,https://upload.wikimedia.org/wikipedia/en/1/10/Endo_Pharmaceuticals_Logo.png
PBI,https://upload.wikimedia.org/wikipedia/commons/0/0a/Pitney_Bowes_2015.svg
SE,https://upload.wikimedia.org/wikipedia/en/6/64/Spectra_Energy_Logo.jpg
STJ,https://upload.wikimedia.org/wikipedia/en/4/46/St._Jude_Medical_logo.svg
OI,https://upload.wikimedia.org/wikipedia/en/a/a1/Owens-Illinois_logo.png
LM,https://upload.wikimedia.org/wikipedia/commons/e/e4/Lm_logo.gif
ANF,https://upload.wikimedia.org/wikipedia/commons/3/3e/Abercrombie_%26_Fitch_logo.svg
JDSU,https://upload.wikimedia.org/wikipedia/en/f/f6/JDS_Uniphase_logo.png
TER,https://upload.wikimedia.org/wikipedia/commons/3/3a/Teradyne.svg
KODK,https://upload.wikimedia.org/wikipedia/commons/9/90/Logo_of_the_Eastman_Kodak_Company.svg
ODP,https://upload.wikimedia.org/wikipedia/en/4/43/Office_Depot_Logo.svg
NYT,https://upload.wikimedia.org/wikipedia/commons/1/14/The_New_York_Times_Company_logo.svg
AMBC,https://upload.wikimedia.org/wikipedia/en/d/d6/Ambac.jpg
CCK,https://upload.wikimedia.org/wikipedia/en/8/80/Crown_Packaging_Logo.gif
GRA,https://upload.wikimedia.org/wikipedia/commons/6/67/Logo-wr_grace.png
JNS,https://upload.wikimedia.org/wikipedia/en/b/b8/Janus_Capital_logo.png
AKS,https://upload.wikimedia.org/wikipedia/en/2/2b/AKLogo2CStacked_reduced_res.jpg
MWW,https://upload.wikimedia.org/wikipedia/commons/a/ae/Monster_new_logo_july_2014.png
SHLD,https://upload.wikimedia.org/wikipedia/commons/7/72/SearsHoldingsLogo.png
BIG,https://upload.wikimedia.org/wikipedia/commons/c/c4/Big_Lots_logo.jpeg
ARW,https://upload.wikimedia.org/wikipedia/en/1/11/ArrowElectronicsLogo.jpg
ARRS,https://upload.wikimedia.org/wikipedia/en/f/fc/Arris_logo.png
CARS,https://upload.wikimedia.org/wikipedia/en/d/db/Carsdotcomlogo.png
CREE,https://upload.wikimedia.org/wikipedia/commons/8/81/Cree_Inc._logo.svg
CRI,https://upload.wikimedia.org/wikipedia/en/8/8a/Carters-logo.PNG
CY,https://upload.wikimedia.org/wikipedia/en/f/fb/Cypress_Semiconductor_logo.svg
DDD,https://upload.wikimedia.org/wikipedia/commons/7/7b/3D_Systems_Logo.png
DDS,https://upload.wikimedia.org/wikipedia/commons/5/5b/Dillard%27s_Logo.svg
DNKN,https://upload.wikimedia.org/wikipedia/en/1/15/DunkinBrands.svg
FICO,https://upload.wikimedia.org/wikipedia/commons/9/9a/FICO_logo.svg
FSLR,https://upload.wikimedia.org/wikipedia/en/0/06/FSLR_logo.png
FTNT,https://upload.wikimedia.org/wikipedia/en/5/55/Fortinet_Logo.gif
IDTI,https://upload.wikimedia.org/wikipedia/en/4/4a/IDTlogo_stackedtag_blu.jpg
IPGP,https://upload.wikimedia.org/wikipedia/en/2/24/IPG_Photonics_Logo.png
JACK,https://upload.wikimedia.org/wikipedia/en/6/6e/Jack_in_the_Box_2009_logo.svg
JBL,https://upload.wikimedia.org/wikipedia/en/3/33/Jabil_logo.svg
JBLU,https://upload.wikimedia.org/wikipedia/commons/3/3c/JetBlue_Airways_Logo.svg
JCOM,https://upload.wikimedia.org/wikipedia/en/b/bd/J2_Global_Logo.png
LDOS,https://upload.wikimedia.org/wikipedia/commons/3/38/Leidos_logo_2013.svg
LFUS,https://upload.wikimedia.org/wikipedia/en/7/7d/Image-LFLogo%2BTagline_Color.png
LOGM,https://upload.wikimedia.org/wikipedia/commons/d/df/LMI_RGB_Black.jpg
MPWR,https://upload.wikimedia.org/wikipedia/commons/1/13/Monolithicpower_logo.jpg
NATI,https://upload.wikimedia.org/wikipedia/en/0/06/National_Instruments_logo.svg
NCR,https://upload.wikimedia.org/wikipedia/commons/3/38/NCR_logo_green_block.png
NSR,https://upload.wikimedia.org/wikipedia/en/8/8a/Neustar_logo.png
PAY,https://upload.wikimedia.org/wikipedia/en/9/98/Verifone_Logo.svg
PNM,https://cdn.worldvectorlogo.com/logos/pnm.svg
WEN,https://upload.wikimedia.org/wikipedia/en/3/36/The_Wendy%27s_Company.png
WSM,https://upload.wikimedia.org/wikipedia/commons/1/1a/WSI_black.jpg
WEX,https://upload.wikimedia.org/wikipedia/en/2/28/WEX_Logo_2015.jpg
WBMD,https://upload.wikimedia.org/wikipedia/commons/4/42/WebMD_logo.png
VSH,https://upload.wikimedia.org/wikipedia/commons/6/64/Vishay_Intertechnology_logo.png
VSAT,https://upload.wikimedia.org/wikipedia/commons/9/9c/ViaSat-Logo.svg
ULTI,https://upload.wikimedia.org/wikipedia/en/8/8b/Ultimate_Software_logo.jpg
TTWO,https://upload.wikimedia.org/wikipedia/commons/0/09/Taketwo_logo.svg
TRMB,https://upload.wikimedia.org/wikipedia/en/d/dd/Trimble_logo.svg
TOL,https://upload.wikimedia.org/wikipedia/en/c/ce/Toll_Brothers.svg
SYNA,https://upload.wikimedia.org/wikipedia/en/1/15/Synaptics-logo.png
SLAB,https://upload.wikimedia.org/wikipedia/commons/1/1a/Silicon_Labs_2015.svg
SKX,https://upload.wikimedia.org/wikipedia/en/9/98/Skecherslogo.gif
SLM,https://upload.wikimedia.org/wikipedia/commons/e/ea/SLM_Corporation_20xx_logo.svg
CLGX,https://upload.wikimedia.org/wikipedia/en/b/b2/CoreLogic_Logo.png
CIEN,https://upload.wikimedia.org/wikipedia/en/d/d8/Ciena_Logo.png
AOS,https://upload.wikimedia.org/wikipedia/commons/0/04/AO_Smith_logo.svg
AAN,https://upload.wikimedia.org/wikipedia/commons/c/cf/Aarons_Logo_Blue_CMYK.jpg
ABMD,https://upload.wikimedia.org/wikipedia/en/5/5e/Abiomed_Corporate_Logo.jpg
ACC,https://upload.wikimedia.org/wikipedia/en/3/34/American_Campus_Communities.gif
ACIW,https://upload.wikimedia.org/wikipedia/en/3/37/ACI_Worldwide_Universal_Payments_Corporate_Logo.svg
ACM,https://upload.wikimedia.org/wikipedia/commons/9/95/AECOM_1c-black_rgb.png
ACXM,https://upload.wikimedia.org/wikipedia/en/9/99/Acxiom_logo.png
AEO,https://upload.wikimedia.org/wikipedia/en/2/22/American_Eagle_Outfitters_logo.svg
AFG,https://upload.wikimedia.org/wikipedia/en/f/fc/American_Financial_Group_Logo.svg
AGCO,https://upload.wikimedia.org/wikipedia/en/d/d8/Agco_logo_rgb.jpg
ALEX,https://upload.wikimedia.org/wikipedia/en/e/eb/Alexanderbaldwin_logo.png
Y,https://upload.wikimedia.org/wikipedia/commons/c/c0/AlleghanyCorporation_logo.PNG
ATI,https://upload.wikimedia.org/wikipedia/commons/7/73/Allegheny_Technologies_Logo.svg
AMCX,https://upload.wikimedia.org/wikipedia/commons/8/89/AMC_Networks_logo.svg
ANSS,https://upload.wikimedia.org/wikipedia/commons/e/e5/ANSYS_logo.png
WTR,https://upload.wikimedia.org/wikipedia/commons/0/07/Aqua_America_Logo.svg
ASB,https://upload.wikimedia.org/wikipedia/en/a/af/AssociatedBank.png
ASH,https://upload.wikimedia.org/wikipedia/en/3/3b/Ashland_logo.JPG
ATO,https://upload.wikimedia.org/wikipedia/en/f/f6/Atmos_energy_logo.png
CAR,https://upload.wikimedia.org/wikipedia/commons/1/13/Avisbudgetgrouplogo.jpg
AVT,https://upload.wikimedia.org/wikipedia/en/9/9f/Avnet-logo-2017.png
AVP,https://upload.wikimedia.org/wikipedia/commons/c/c8/Avon_logo.svg
BC,https://upload.wikimedia.org/wikipedia/commons/6/6a/Brunswick_Corporation.png
BDC,https://upload.wikimedia.org/wikipedia/commons/b/b0/Belden-250px.png
BID,https://upload.wikimedia.org/wikipedia/en/4/43/Sothebys_Logo.svg
BIO,https://upload.wikimedia.org/wikipedia/en/9/9f/Bio-Rad_Laboratories%2C_Inc._Logo.png
BKH,https://upload.wikimedia.org/wikipedia/en/9/9d/Black_Hills_Corporation_logo.svg
BMS,https://upload.wikimedia.org/wikipedia/en/3/30/Bemis_Company_logo.png
BOH,https://upload.wikimedia.org/wikipedia/en/9/91/Bank_of_Hawaii_Logo.svg
BR,https://upload.wikimedia.org/wikipedia/en/6/61/Broadridge_Financial_Solutions_Corporate_Logo.svg
BRCD,https://upload.wikimedia.org/wikipedia/commons/2/24/2014_Brocade_Corporate_Logo.png
BRO,https://upload.wikimedia.org/wikipedia/en/9/9a/Brown_%26_Brown_logo.png
BWLD,https://upload.wikimedia.org/wikipedia/en/7/7c/Buffalo_Wild_Wings.svg
BXS,https://upload.wikimedia.org/wikipedia/en/7/7f/Bancorpsouth_logo.png
CAB,https://upload.wikimedia.org/wikipedia/commons/7/79/Cabela%27s-Logo-1.png
CABO,https://upload.wikimedia.org/wikipedia/en/f/fa/CableOne_logo.png
CAKE,https://upload.wikimedia.org/wikipedia/commons/9/9c/CheesecakeFactoryLogo1.png
CASY,https://upload.wikimedia.org/wikipedia/en/0/02/Caseyslogo.png
CATY,https://upload.wikimedia.org/wikipedia/en/f/fc/Cathay_Bank_logo.svg
CBSH,https://upload.wikimedia.org/wikipedia/commons/7/7c/Commerce_2014-10-6.svg
CBT,https://upload.wikimedia.org/wikipedia/en/c/cf/Cabot-corp-logo.png
CC,https://upload.wikimedia.org/wikipedia/en/e/eb/Chemours_logo.png
CDNS,https://upload.wikimedia.org/wikipedia/commons/a/ae/Cadence_Logo.svg
CFR,https://upload.wikimedia.org/wikipedia/en/2/27/Logo_FrostBank.png
CGNX,https://upload.wikimedia.org/wikipedia/commons/4/42/Cognex_Corp_logo.svg
CHS,https://upload.wikimedia.org/wikipedia/commons/a/ac/Chico%27s_FAS_logo.svg
CLH,https://upload.wikimedia.org/wikipedia/commons/8/87/Clean_Harbors_Logo_RED_rgb_H_space.jpg
CLI,https://upload.wikimedia.org/wikipedia/en/e/e3/Mack-cali-realty-logo.jpg
CMC,https://upload.wikimedia.org/wikipedia/commons/f/fc/Commercial_Metals_Company.svg
CMP,https://upload.wikimedia.org/wikipedia/en/3/3b/CompassMineralsLogo.png
CNK,https://upload.wikimedia.org/wikipedia/commons/3/3e/CinemarkLogo_Stacked_CMYK.png
CNO,https://upload.wikimedia.org/wikipedia/en/5/57/CNO_Financial_Group_logo.png
COHR,https://upload.wikimedia.org/wikipedia/en/6/6d/Coherent_Inc._logo.gif
CPT,https://upload.wikimedia.org/wikipedia/en/7/77/Camden-property-trust-logo.PNG
CR,https://upload.wikimedia.org/wikipedia/commons/4/41/Crane_Co._logo.svg
CRL,https://upload.wikimedia.org/wikipedia/en/3/36/Charles_River_Laboratories_Logo.svg
CRS,https://upload.wikimedia.org/wikipedia/en/9/91/Carpenter_Technology_Logo.svg
CRUS,https://upload.wikimedia.org/wikipedia/en/8/8b/Cirrus_Logic_logo.png
CNX,https://upload.wikimedia.org/wikipedia/en/a/ac/Consol_Energy_Logo.svg
CSL,https://upload.wikimedia.org/wikipedia/en/1/1c/Carlisle_Companies_logo.png
CST,https://upload.wikimedia.org/wikipedia/en/b/b8/CST_Brands_Logo.png
CTB,https://upload.wikimedia.org/wikipedia/en/0/0f/Cooper_Tire_%26_Rubber_Company_logo.svg
CTLT,https://upload.wikimedia.org/wikipedia/commons/b/bb/Catalent-logo-2015.png
CUZ,https://upload.wikimedia.org/wikipedia/en/2/22/Cousins_Properties_Logo.png
CVG,https://upload.wikimedia.org/wikipedia/en/2/28/Convergys_logo.svg
CVLT,https://upload.wikimedia.org/wikipedia/en/1/12/Commvault_logo.png
CXW,https://upload.wikimedia.org/wikipedia/commons/c/c8/CoreCivic_Logo.svg
CW,https://upload.wikimedia.org/wikipedia/commons/4/4d/CurtissWrightLogo.png
CBRL,https://upload.wikimedia.org/wikipedia/en/2/2f/Cracker_Barrel_Old_Country_Store_logo.svg
ASML,https://upload.wikimedia.org/wikipedia/en/6/6c/ASML_Holding_N.V._logo.svg
TCX,https://upload.wikimedia.org/wikipedia/en/d/d2/Tucows_logo.png
LOGM,https://upload.wikimedia.org/wikipedia/commons/d/df/LMI_RGB_Black.jpg
NXST,https://upload.wikimedia.org/wikipedia/commons/4/4b/NexstarMG_logo_2016.png
PCTY,https://upload.wikimedia.org/wikipedia/en/e/ec/Paylocity_logo.png
CMPR,https://upload.wikimedia.org/wikipedia/en/c/c7/Cimpress_logo.svg
MMYT,https://upload.wikimedia.org/wikipedia/commons/a/a2/MakeMyTrip_Logo.png
IPGP,https://upload.wikimedia.org/wikipedia/en/2/24/IPG_Photonics_Logo.png
MGIC,https://upload.wikimedia.org/wikipedia/commons/8/8c/MagicSoftware_CompanyLogo_RGB_200pixel.jpg
SNPS,https://upload.wikimedia.org/wikipedia/commons/b/b5/SynopsysLogo.svg
USAT,https://upload.wikimedia.org/wikipedia/en/f/fc/USA_Technologies_logo.jpg
USATP,https://upload.wikimedia.org/wikipedia/en/f/fc/USA_Technologies_logo.jpg
IONS,https://upload.wikimedia.org/wikipedia/en/f/f0/Ionis_Pharmaceuticals.svg
IRBT,https://upload.wikimedia.org/wikipedia/commons/6/65/IRobot_Logo.svg
WING,https://upload.wikimedia.org/wikipedia/en/0/0d/Wingstop.png
PEGA,https://upload.wikimedia.org/wikipedia/en/3/3e/Pega-logo-300px.jpg
MCDA,https://upload.wikimedia.org/wikipedia/en/8/82/Mdc-partners-new-logo.jpg
SINA,https://upload.wikimedia.org/wikipedia/en/b/bd/Sinalogo1.png
STB,https://upload.wikimedia.org/wikipedia/en/c/c4/Student_Transportation_of_America_logo.png
CBMX,https://upload.wikimedia.org/wikipedia/en/f/f3/Combi_Matrix_Logo_2.png
CBMXW,https://upload.wikimedia.org/wikipedia/en/f/f3/Combi_Matrix_Logo_2.png
PFPT,https://upload.wikimedia.org/wikipedia/en/3/37/Proofpoint_R_Logo.png
LSI,https://upload.wikimedia.org/wikipedia/en/2/2f/LSI_logo_RGB_125x42.jpg
SPNS,https://upload.wikimedia.org/wikipedia/en/1/15/Sapiens_logo.jpg
TXRH,https://upload.wikimedia.org/wikipedia/en/b/b0/Texas_Roadhouse.svg
GGAL,https://upload.wikimedia.org/wikipedia/commons/3/31/Logo_Banco_Galicia.svg
MPWR,https://upload.wikimedia.org/wikipedia/commons/1/13/Monolithicpower_logo.jpg
MHLD,https://upload.wikimedia.org/wikipedia/commons/a/ac/Maiden_Holdings%2C_LTD.jpg
CALD,https://upload.wikimedia.org/wikipedia/en/8/8f/CallidusCloud_Company_Logo.png
MDSO,https://upload.wikimedia.org/wikipedia/commons/f/f5/Medidata_Logo_Color_RGB-crop.svg
BLKB,https://upload.wikimedia.org/wikipedia/commons/9/95/Blackbaud_logo.png
SPLK,https://upload.wikimedia.org/wikipedia/commons/a/a0/Splunk.jpg
QLYS,https://upload.wikimedia.org/wikipedia/commons/c/c4/Qualys_logo.jpg
TEAM,https://upload.wikimedia.org/wikipedia/commons/4/4d/Atlassian-logo.svg
LULU,https://upload.wikimedia.org/wikipedia/en/2/22/Lululemon_Athletica_logo.svg
JOBS,https://www.sec.gov/Archives/edgar/data/1295484/000114554904001289/u99016a6u9901611.jpg
MMSI,https://media.licdn.com/media/p/8/005/0b8/0f5/3fd247d.png
KANG,https://www.asianscientist.com/wp-content/uploads/2014/03/ikang-IPO-150-million.jpg
GBNK,https://www.americanbankingnews.com/logos/guaranty-bancorp-logo.jpg
NVMI,https://www.sec.gov/Archives/edgar/data/1109345/000117891303000684/nova.gif
DGICA,https://www.americanbankingnews.com/logos/donegal-group-inc-logo.jpg
DGICB,https://www.americanbankingnews.com/logos/donegal-group-inc-logo.jpg
FIVN,https://www.promero.com/wp-content/themes/promero/assets/img/logos/five9.jpg
BJRI,https://upload.wikimedia.org/wikipedia/en/0/0d/BJ_restaurant.png
AAAP,https://www.americanbankingnews.com/logos/advanced-accelerator-application-sa-logo.png
MASI,https://upload.wikimedia.org/wikipedia/commons/4/42/Masimo.jpg
ALRM,https://upload.wikimedia.org/wikipedia/en/1/19/Alarm_logo.gif
AAXN,https://upload.wikimedia.org/wikipedia/en/8/82/AXON_Company_Logo_2017.png
AXGN,https://www.americanbankingnews.com/logos/axogen-inc-logo.jpg
CCOI,https://upload.wikimedia.org/wikipedia/commons/4/46/Cogentlogo.png
SIGI,https://upload.wikimedia.org/wikipedia/en/2/20/Selective_logo.png
UFCS,https://www.americanbankingnews.com/logos/united-fire--casualty-logo.jpg
KRNT,https://upload.wikimedia.org/wikipedia/en/2/25/Small_version_of_the_logo_from_kornit.com%3B_retrieved_September_2016.png
MB,https://www.mindbodyonline.com/sites/default/files/mindbody-logo-440-v2.png
CHUY,https://upload.wikimedia.org/wikipedia/en/2/2d/Chuy%27s.png
FIVE,https://upload.wikimedia.org/wikipedia/commons/0/03/Five_below_logo.png
LOPE,https://upload.wikimedia.org/wikipedia/en/5/5b/GCU-SEAL.png
RRR,https://upload.wikimedia.org/wikipedia/commons/7/71/Red_Rock_Casino_Resort_and_Spa.svg
RPD,https://cybersecurity-excellence-awards.com/wp-content/uploads/2016/12/913694.png
TUES,https://g.foolcdn.com/editorial/images/208147/logo-2_large.png
NXTM,https://www.annanurse.org/images/design/logos/corp/nxstage.png
MTCH,https://media.licdn.com/media/AAEAAQAAAAAAAAg8AAAAJDVhYmQ1Nzk2LTMxYjktNDk0MC1hMDhlLTg2NTEwMTI4NDk5ZA.png
YNDX,https://upload.wikimedia.org/wikipedia/commons/9/91/Yandex_logo_en.svg
JJSF,https://upload.wikimedia.org/wikipedia/en/b/b1/J%26J_Snack_Foods_logo.jpg
AMOV,https://upload.wikimedia.org/wikipedia/en/2/28/America_Movil1.svg
AMX,https://upload.wikimedia.org/wikipedia/en/2/28/America_Movil1.svg
CDW,https://upload.wikimedia.org/wikipedia/commons/1/1f/Cdwlogo.svg
UFPI,https://media.glassdoor.com/sqll/2368/universal-forest-products-squarelogo.png
CVGW,https://upload.wikimedia.org/wikipedia/commons/c/c3/Calavo_Logo.png
CRTO,https://app.jobvite.com/logo/278_1464606887criteorgb_1495562200291_Company.png
NUVA,https://prnewswire2-a.akamaihd.net/p/1893751/sp/189375100/thumbnail/entry_id/1_h52h78g2/def_height/292/def_width/1348/
HABT,https://upload.wikimedia.org/wikipedia/commons/7/7a/The_Habit_Burger_Grill_Logo.jpg
PLAY,https://upload.wikimedia.org/wikipedia/en/2/22/Dave_%26_Buster%27s_newest_logo.png
WIX,https://upload.wikimedia.org/wikipedia/en/7/76/Wix.com_website_logo.svg
PSMT,https://www.veracentra.com/wp-content/uploads/2016/07/PricesmartLogo-1.jpg
SIFY,https://upload.wikimedia.org/wikipedia/en/4/4f/Sify.png
CATM,https://www.sec.gov/Archives/edgar/data/1277856/000127785615000028/catm-20150707ex991eb8c4cg001.jpg
MBUU,https://www.web-savvy-marketing.com/wp-content/uploads/2010/08/Malibu-Boats.jpg
LMAT,https://eifu.lemaitre.com/images/LMAT_top_logo.jpg
JKHY,https://static.seekingalpha.com/uploads/2016/2/5/saupload_Jack-Henry-Logo_big_thumb1.jpg
FOXF,https://www.marzocchi.com/System/29824/FoxLogo.png
MDCA,https://www.themarketsdaily.com/logos/mdc-partners-inc-logo.jpg
TWOU,https://upload.wikimedia.org/wikipedia/commons/0/03/2U_R_reg_blue_rgb.png
NEOG,https://stocksaints.com/sites/default/files/styles/article_image_full_node/public/field/image/Neogen%20Corp..jpg
EGHT,https://upload.wikimedia.org/wikipedia/commons/b/bd/8x8-Logo-Tagline-bottom_2016.png
LOCO,https://upload.wikimedia.org/wikipedia/commons/f/fd/Elpolloloco-logo.png
ETSY,https://upload.wikimedia.org/wikipedia/commons/a/aa/Etsy_logo_lg_rgb.png
OSTK,https://upload.wikimedia.org/wikipedia/en/1/12/Overstock_LOGOsm.jpg
MIK,https://upload.wikimedia.org/wikipedia/en/0/0e/Michaels_Logo.svg
ATHN,https://upload.wikimedia.org/wikipedia/en/7/7b/Athenahealth.svg
SFM,https://upload.wikimedia.org/wikipedia/en/3/3f/Sprouts_Farmers_Markets_company_logo.jpg
PNRA,https://upload.wikimedia.org/wikipedia/en/f/f1/PaneraLogo.png
Z,https://upload.wikimedia.org/wikipedia/commons/c/c1/Zillowlogo_color.PNG
ZG,https://upload.wikimedia.org/wikipedia/commons/c/c1/Zillowlogo_color.PNG
PZZA,https://upload.wikimedia.org/wikipedia/en/5/54/PapaJohns.svg
FRSH,https://upload.wikimedia.org/wikipedia/commons/9/95/PapaMurphys.png
AMTD,https://upload.wikimedia.org/wikipedia/commons/c/ca/TD_Ameritrade.svg
ON,https://upload.wikimedia.org/wikipedia/commons/6/64/ONS-2D.svg
HIBB,https://upload.wikimedia.org/wikipedia/en/0/05/Hibbett_Logo.gif
MLHR,https://www.dexigner.com/images/news/xw/21495.jpg
PEIX,https://www.americanbankingnews.com/logos/pacific-ethanol-inc-logo.jpg
JAZZ,https://upload.wikimedia.org/wikipedia/en/4/41/Jazz_Pharmaceuticals_logo.png
KFRC,https://kforcewebeast.azureedge.net/media/400247/logo-2x.png
RRGB,https://upload.wikimedia.org/wikipedia/commons/8/8f/Red_Robin_logo.svg
TRUE,https://upload.wikimedia.org/wikipedia/commons/e/ed/Truecar_logo.jpg
SHOO,https://upload.wikimedia.org/wikipedia/en/1/1d/Stevemadden-logo.png
WB,https://upload.wikimedia.org/wikipedia/en/6/6e/Sina_Weibo.svg
COKE,https://dg6qn11ynnp6a.cloudfront.net/wp-content/uploads/2015/05/coca-cola-consolidated-logo_11324858.jpg
OMCL,https://photos.prnewswire.com/prnvar/20120731/SF48971LOGO-a
ODFL,https://upload.wikimedia.org/wikipedia/en/6/6c/Old_Dominion_Freight_Line%2C_Inc._Logo.jpg
WWD,https://upload.wikimedia.org/wikipedia/en/0/06/W_H_2-C.png
SMCI,https://upload.wikimedia.org/wikipedia/commons/1/1d/Super_Micro_Computer_Logo.svg
FNGN,https://financialengines.com/~/media/images/header/the-mutual-fund-store-logo.ashx
TREE,https://upload.wikimedia.org/wikipedia/en/0/0e/Lending_Tree_logo09.gif
DTEA,https://upload.wikimedia.org/wikipedia/commons/2/2e/DavidsTea_logo.png
ABTL,https://vignette2.wikia.nocookie.net/logopedia/images/3/32/Autobytel-logo.jpg
DFRG,https://dfrg.com/images/DFRG_Logo.jpg
RMBS,https://upload.wikimedia.org/wikipedia/en/5/53/Rambus_logo.png
SFLY,https://upload.wikimedia.org/wikipedia/en/d/d1/Shutterfly.png
SAVE,https://www.spirit.com/images/spiritway/logo.png
RYAAY,https://upload.wikimedia.org/wikipedia/en/d/d5/Ryanair.svg
HA,https://upload.wikimedia.org/wikipedia/en/3/3b/Hawaiian_Airlines_logo_2017.svg
HOVNP,https://upload.wikimedia.org/wikipedia/en/2/20/KHovnanian.gif
SGMS,https://www.americanbankingnews.com/logos/scientific-games-corp-logo.jpg
FNSR,https://upload.wikimedia.org/wikipedia/en/f/f2/Finisar_Logo.png
ZUMZ,https://upload.wikimedia.org/wikipedia/en/7/77/Logo_zumiez.png
NTNX,https://upload.wikimedia.org/wikipedia/commons/e/ea/Nutanix_Logo.svg
UPLD,https://photos.prnewswire.com/prnvar/20141106/156956LOGO
TRVG,https://upload.wikimedia.org/wikipedia/commons/9/95/Trivago.svg
IZEA,https://d2mp27yxsbbpwj.cloudfront.net/wp-content/uploads/2016/09/08224240/Logotype_Purple-MEDIUM.png
FANG,https://www.americanbankingnews.com/logos/diamondback-energy-inc-logo.jpg
ESGR,https://res.cloudinary.com/crunchbase-production/image/upload/v1471847885/ofrsth81axh1qbecklsx.gif
FOGO,https://fogodechao.com/sites/all/themes/fogodechao/img/fogo-logo-01.png
ALGT,https://upload.wikimedia.org/wikipedia/en/d/d2/Allegiantairlogo.png
CSGP,https://d2q79iu7y748jz.cloudfront.net/s/_logo/2875c8d1f623f4ba0b68c6f92eebb96a.png
PBPB,https://upload.wikimedia.org/wikipedia/commons/f/ff/PotbellyLogo.jpg
LITE,https://www.lumentum.com/sites/all/themes/lumentum/logo.svg
CNXN,https://upload.wikimedia.org/wikipedia/en/6/69/Connection_logo%2C_recently_updated_as_of_September_8%2C_2016%2C_associated_with_the_public_company%2C_Connection%2C_ticker_symbol_CNXN.png
DOX,https://upload.wikimedia.org/wikipedia/commons/b/bd/Amdocs-2017-brand-mark.svg
EEFT,https://upload.wikimedia.org/wikipedia/commons/f/f3/Euronet-worldwide-logo.jpg
NDLS,https://upload.wikimedia.org/wikipedia/en/7/7c/Noodles_%26_Company_Logo.png
OTEX,https://upload.wikimedia.org/wikipedia/en/5/52/OpenText_2017_new_logo.png
LPNT,https://www.practicematch.com/sharedfiles/PracticeTrack/Documents/3_15827/LifePoint_Health_NEW_logo__20150916_14193530_.png
CPRT,https://i2.wp.com/copartcommunity.com/wp-content/uploads/2016/03/copart-logo.png
USCR,https://www.brandsoftheworld.com/sites/default/files/styles/logo-thumbnail/public/0017/5057/brand.gif
GTIM,https://upload.wikimedia.org/wikipedia/en/e/e4/Good_Times_Burgers_%26_Frozen_Custard_logo.png
MORN,https://upload.wikimedia.org/wikipedia/commons/6/67/Morningstar_Logo.svg
MNRO,https://upload.wikimedia.org/wikipedia/en/a/a1/Monro_Muffler_Brake_logo.png
EXPO,https://upload.wikimedia.org/wikipedia/en/9/9f/Exponent_Inc_logo.jpg
KIRK,https://www.couponchief.com/images/logos/18354_sq_3.jpg
CNBKA,https://www.cleanyield.com/assets/Century-Bank-logo.jpg
BGFV,https://upload.wikimedia.org/wikipedia/en/6/68/Big5logo.png
GRPN,https://upload.wikimedia.org/wikipedia/commons/9/98/Groupon_Logo.svg
PLUG,https://upload.wikimedia.org/wikipedia/en/6/6b/Plug_Power_Logo.png
PSDO,https://www.actifio.com/wp-content/uploads/2015/04/Presidio.png
CSIQ,https://www.canadiansolar.com/fileadmin/templates/webroot/img/xlogo.png.pagespeed.ic.CRe-5bfn_4.png
GPRO,https://upload.wikimedia.org/wikipedia/commons/c/c3/GoPro_logo.svg
SOHU,https://upload.wikimedia.org/wikipedia/en/7/71/Sohu_logo.png
HDP,https://hortonworks.com/wp-content/uploads/2016/03/HWX-RGB-full-w-tagline.png
IAC,https://upload.wikimedia.org/wikipedia/en/a/a4/InterActiveCorp_logo.svg
HSNI,https://upload.wikimedia.org/wikipedia/commons/c/cb/HSN_logo.svg
CRAY,https://upload.wikimedia.org/wikipedia/commons/3/3e/Cray_Inc._logo.svg
HMHC,https://upload.wikimedia.org/wikipedia/commons/9/90/Houghton_MHarcourt_2012logo.png
FTD,https://upload.wikimedia.org/wikipedia/en/3/3f/Florists%27_Transworld_Delivery_%28logo%29.png
ENPH,https://upload.wikimedia.org/wikipedia/commons/d/dc/Enphase_Logo_Standard_orange_gray_RGB.png
MDRX,https://upload.wikimedia.org/wikipedia/en/4/4b/Allscripts_2010_logo.gif
CRZO,https://media.bizj.us/view/img/4927801/carrizo-logo*750xx340-191-0-29.jpg
STLD,https://upload.wikimedia.org/wikipedia/en/3/33/Steel_Dynamics_Logo.JPG
FOSL,https://upload.wikimedia.org/wikipedia/commons/a/a5/Fossil_Group.png
HBP,https://bloximages.newyork1.vip.townnews.com/stltoday.com/content/tncms/assets/v3/editorial/6/c8/6c8f8008-b67e-5c43-b054-166af8db8cdb/579fdec4e27ef.image.jpg
TCBI,https://securelogin.texascapitalbank.com/Content/Images/tcb-logo.png
TCBIP,https://securelogin.texascapitalbank.com/Content/Images/tcb-logo.png
LYTS,https://re12.ultipro.com/lsi1000/jobboard/Custom/SkinCustom/LSI1000/logo.png
PATK,https://www.americanbankingnews.com/logos/patrick-industries-inc-logo.jpg
POOL,https://www.americanbankingnews.com/logos/pool-co-logo.jpg
CAVM,https://photos.prnewswire.com/prnvar/20120604/LA18845LOGO
RP,https://s.realpage.com/wp-content/themes/realpage/images/logo-realpage.png
HCSG,https://media.licdn.com/media/AAEAAQAAAAAAAAdYAAAAJDJmMTBhYWFhLWIzMDQtNGE0ZS05Y2NhLWMxNjEwNTRiZTZjOQ.png
UNFI,https://upload.wikimedia.org/wikipedia/en/c/cb/UNFIlogo.png
FORM,https://www.harker.org/uploaded/themes/corporate-2015/img/FormFactorInc_logo_560x560.png
SPAR,https://media.glassdoor.com/sqll/1899/spartan-motors-squarelogo-1460661585490.png
EFII,https://upload.wikimedia.org/wikipedia/commons/0/09/Electronics_for_Imaging_%28logo%29.png
BBRY,https://upload.wikimedia.org/wikipedia/commons/2/22/Blackberry_Logo.svg
BONT,https://upload.wikimedia.org/wikipedia/en/0/0f/The_Bon-Ton_logo.png
SHOS,https://upload.wikimedia.org/wikipedia/commons/d/de/Shologo.svg
RNWK,https://upload.wikimedia.org/wikipedia/en/6/63/RealNetwork_Logo.png
WIN,https://upload.wikimedia.org/wikipedia/en/7/7f/Windstream_Communications.svg
PERY,https://upload.wikimedia.org/wikipedia/en/a/a4/Pery_logo.JPG
AVID,https://upload.wikimedia.org/wikipedia/commons/0/05/2009_Avid_logo.svg
ARQL,https://seeklogo.com/images/A/ArQule-logo-AD3C0968ED-seeklogo.com.gif
UTSI,https://upload.wikimedia.org/wikipedia/zh/thumb/1/1f/UTStarcom_logo.svg/400px-UTStarcom_logo.svg.png
CPST,https://upload.wikimedia.org/wikipedia/en/9/9a/Capstone_turbine_logo.jpg
CZR,https://upload.wikimedia.org/wikipedia/en/9/94/Caesars_Entertainment_logo.svg
TZOO,https://upload.wikimedia.org/wikipedia/en/c/ca/TravelZoo_logo.svg
PRSS,https://upload.wikimedia.org/wikipedia/commons/e/e8/CafePress_logo.svg
ZNGA,https://upload.wikimedia.org/wikipedia/en/3/32/Zynga_logo.jpg
MSTR,https://upload.wikimedia.org/wikipedia/en/4/40/MicroStrategy_%28logo%29.png
POWL,https://media.glassdoor.com/sqll/1797/powell-industries-squarelogo-1376492608196.png
BVSN,https://upload.wikimedia.org/wikipedia/commons/8/81/Broadvision_logo.png
VOXX,https://upload.wikimedia.org/wikipedia/en/b/b6/VOXX_International_logo.png
SKYW,https://upload.wikimedia.org/wikipedia/commons/8/8c/SkyWest_Airlines_Logo.png
STRA,https://upload.wikimedia.org/wikipedia/en/2/2f/Logo-strayer.png
BBOX,https://www.americanbankingnews.com/logos/black-box-co-logo.gif
BOBE,https://upload.wikimedia.org/wikipedia/en/7/73/Bob_Evans_logo.png
NAVI,https://www.navient.com/assets/images/elements/path-to-success-logo.png
QNST,https://upload.wikimedia.org/wikipedia/commons/4/4e/Qs_wiki.png
TACO,https://upload.wikimedia.org/wikipedia/en/b/b8/Logo_of_Del_Taco.svg
BLBD,https://upload.wikimedia.org/wikipedia/en/9/99/Blue_Bird_Logo.svg
CHS,https://d2q79iu7y748jz.cloudfront.net/s/_logo/964c45af21030a89cb9f8d13103454fa.png
SCHL,https://upload.wikimedia.org/wikipedia/en/e/e6/Scholastic_logo.svg
KELYA,https://upload.wikimedia.org/wikipedia/commons/c/c1/Kelly_Services_Logo.PNG
CROX,https://upload.wikimedia.org/wikipedia/en/e/e1/Crocs_logo.svg
RRD,https://upload.wikimedia.org/wikipedia/commons/2/27/Rrdlogo.PNG
MRVL,https://upload.wikimedia.org/wikipedia/commons/8/83/Marvell_Logo.svg
RCII,https://upload.wikimedia.org/wikipedia/en/a/a8/Rent_a_center_logo.png
TVTY,https://www.gannett-cdn.com/-mm-/c1a941b8a18e0c6dfbeefca318ffda8fad133d6b/c=0-538-4620-3148&r=x324&c=600x321/local/-/media/2017/01/09/TennGroup/Nashville/636195970758814243-tivity.png
PDLI,https://www.smarteranalyst.com/logos/pdli.jpg
CLMT,https://d2q79iu7y748jz.cloudfront.net/s/_logo/69433359967a9837ef71ece4abed65cc
CYOU,https://upload.wikimedia.org/wikipedia/en/9/9d/Changyou_logo.jpg
ERIC,https://upload.wikimedia.org/wikipedia/commons/e/e9/Ericsson_logo.svg
HDS,https://upload.wikimedia.org/wikipedia/en/8/84/Hd-supply-logo.gif
SONC,https://upload.wikimedia.org/wikipedia/en/d/df/Sonic_Drive-In_logo.svg
PPC,https://upload.wikimedia.org/wikipedia/en/3/3f/Pilgrims_logo.png
CIGI,https://upload.wikimedia.org/wikipedia/en/c/c0/ColliersInternational.jpg
SMTC,https://upload.wikimedia.org/wikipedia/en/8/80/Semtech-logo.gif
AMSC,https://upload.wikimedia.org/wikipedia/en/c/c9/AmericanSuperconductorLogo.PNG
PLCE,https://upload.wikimedia.org/wikipedia/commons/d/d0/The_Children%27s_Place_logo.png
